City_ID,City,Country,Lat,Lng,Max Temp,Humidity,Cloudiness,Wind Speed,Current Description
0,Kashary,RU,49.04,41.0056,79.68,48,33,3.15,scattered clouds
1,Havelange,BE,50.3833,5.2333,55.67,96,25,4.47,scattered clouds
2,Ngunguru,NZ,-35.6167,174.5,64.17,61,33,8.81,scattered clouds
3,Kenai,US,60.5544,-151.2583,74.03,49,1,9.22,clear sky
4,Los Chiles,CR,11.0333,-84.7167,74.08,95,100,2.91,overcast clouds
5,Sept-Iles,CA,50.2001,-66.3821,58.05,88,75,2.3,broken clouds
6,Busselton,AU,-33.65,115.3333,57.04,69,100,9.55,overcast clouds
7,Faanui,PF,-16.4833,-151.75,77.9,71,24,14.72,few clouds
8,Barrow,US,71.2906,-156.7887,46.42,81,90,13.8,overcast clouds
9,Comodoro Rivadavia,AR,-45.8667,-67.5,57.06,26,0,14.97,clear sky
10,Goreloye,RU,52.937,41.5043,74.25,53,1,5.1,clear sky
11,Pangnirtung,CA,66.1451,-65.7125,50.54,82,100,0.34,overcast clouds
12,East London,ZA,-33.0153,27.9116,61.74,63,75,13.8,light rain
13,Touros,BR,-5.1989,-35.4608,76.1,80,8,15.84,clear sky
14,Rikitea,PF,-23.1203,-134.9692,69.35,56,2,20.96,clear sky
15,Tuatapere,NZ,-46.1333,167.6833,44.82,95,100,5.3,overcast clouds
16,Kavieng,PG,-2.5744,150.7967,82.81,78,9,10.58,light rain
17,New Norfolk,AU,-42.7826,147.0587,56.7,48,76,5.68,broken clouds
18,Sobolevo,RU,54.4299,31.8996,65.89,92,96,6.89,overcast clouds
19,Bredasdorp,ZA,-34.5322,20.0403,55.27,94,100,2.3,overcast clouds
20,San Cristobal,VE,7.7669,-72.225,75.38,98,100,5.86,overcast clouds
21,Hermanus,ZA,-34.4187,19.2345,55.8,88,77,10.09,broken clouds
22,Cape Town,ZA,-33.9258,18.4232,57.11,88,0,1.99,clear sky
23,Mercedes,AR,-34.6515,-59.4307,47.84,80,0,5.21,clear sky
24,Damietta,EG,31.4165,31.8133,78.69,67,0,6.31,clear sky
25,Hithadhoo,MV,-0.6,73.0833,81.59,72,82,7.11,broken clouds
26,Albany,US,42.6001,-73.9662,64.35,95,100,1.03,overcast clouds
27,Chuy,UY,-33.6971,-53.4616,50.97,94,88,6.13,overcast clouds
28,Cherskiy,RU,68.75,161.3,43.88,66,72,21.47,broken clouds
29,Deputatskiy,RU,69.3,139.9,56.5,41,7,12.84,clear sky
30,Lakes Entrance,AU,-37.8811,147.981,64.18,45,0,6.44,clear sky
31,Atuona,PF,-9.8,-139.0333,77.43,68,18,11.48,few clouds
32,Calama,CL,-22.4667,-68.9333,46.89,29,75,11.5,broken clouds
33,Kyren,RU,51.6828,102.1408,57.49,97,100,1.12,light rain
34,Kapaa,US,22.0752,-159.319,85.98,75,75,4.0,broken clouds
35,Dunapataj,HU,46.644,18.9963,62.01,76,77,11.83,broken clouds
36,Qaanaaq,GL,77.484,-69.3632,40.39,87,75,3.2,broken clouds
37,Ahipara,NZ,-35.1667,173.1667,57.65,69,21,11.63,few clouds
38,Hamburg,DE,53.55,10.0,57.29,89,20,9.22,few clouds
39,Naze,JP,28.3667,129.4833,85.12,86,89,17.6,overcast clouds
40,Rivera,UY,-30.9053,-55.5508,43.43,92,0,4.97,clear sky
41,Ushuaia,AR,-54.8,-68.3,40.66,75,40,4.61,scattered clouds
42,Vaini,TO,-21.2,-175.2,75.36,73,20,17.27,few clouds
43,Saint-Philippe,RE,-21.3585,55.7679,69.35,74,38,8.48,scattered clouds
44,Beyneu,KZ,45.3167,55.2,92.77,13,0,11.92,clear sky
45,Svetlogorsk,BY,52.6333,29.7333,69.57,83,98,10.42,overcast clouds
46,Ketchikan,US,55.3422,-131.6461,66.67,72,1,4.61,clear sky
47,Hilo,US,19.7297,-155.09,76.24,85,70,3.0,light rain
48,Dikson,RU,73.5069,80.5464,42.73,98,99,9.84,overcast clouds
49,Takaka,NZ,-40.85,172.8,53.56,77,94,5.35,overcast clouds
50,Innisfail,AU,-17.5333,146.0333,76.41,56,0,7.34,clear sky
51,Kununurra,AU,-15.7667,128.7333,91.38,38,20,4.61,few clouds
52,Lavrentiya,RU,65.5833,-171.0,40.57,90,100,17.34,moderate rain
53,Pitimbu,BR,-7.4706,-34.8086,72.19,85,35,16.06,scattered clouds
54,Hasaki,JP,35.7333,140.8333,90.28,81,45,11.81,scattered clouds
55,Guarapari,BR,-20.6667,-40.4975,58.89,80,20,4.07,few clouds
56,Alice Springs,AU,-23.7,133.8833,74.21,21,41,11.99,scattered clouds
57,Laguna,US,38.421,-121.4238,87.64,50,1,5.99,clear sky
58,Luanda,AO,-8.8368,13.2343,73.4,83,75,5.75,broken clouds
59,Tasiilaq,GL,65.6145,-37.6368,44.76,77,100,3.62,overcast clouds
60,Alterosa,BR,-21.2492,-46.1431,52.02,76,10,3.96,clear sky
61,Puerto Ayora,EC,-0.7393,-90.3518,70.56,92,43,1.99,scattered clouds
62,Vanavara,RU,60.34,102.2797,75.6,36,55,9.35,broken clouds
63,Mahebourg,MU,-20.4081,57.7,68.29,83,75,10.36,broken clouds
64,Mataura,NZ,-46.1927,168.8643,44.47,91,100,6.73,light rain
65,Severo-Kurilsk,RU,50.6789,156.125,57.7,67,22,13.6,few clouds
66,Tuktoyaktuk,CA,69.4541,-133.0374,57.2,88,75,4.61,broken clouds
67,Yellowknife,CA,62.456,-114.3525,78.3,38,20,6.91,few clouds
68,Lianran,CN,24.9227,102.485,73.94,43,0,3.31,clear sky
69,Jamestown,US,42.097,-79.2353,62.19,95,20,1.01,fog
70,Castro,BR,-24.7911,-50.0119,44.56,97,13,3.22,few clouds
71,Pevek,RU,69.7008,170.3133,35.91,87,100,16.96,overcast clouds
72,Provideniya,RU,64.3833,-173.3,42.91,81,90,17.9,moderate rain
73,Qingdao,CN,36.0986,120.3719,85.6,70,75,6.71,light rain
74,Luis Correia,BR,-2.8792,-41.6669,74.21,84,88,5.75,overcast clouds
75,El Tigre,VE,8.8875,-64.2454,73.56,87,95,2.3,overcast clouds
76,Punta Arenas,CL,-53.15,-70.9167,41.11,75,40,26.46,scattered clouds
77,Burnie,AU,-41.0667,145.9167,52.59,84,74,11.63,broken clouds
78,Butaritari,KI,3.0707,172.7902,83.32,68,45,7.74,scattered clouds
79,Noyabrsk,RU,63.1994,75.4507,64.47,56,100,11.54,overcast clouds
80,Santa Cruz Do Capibaribe,BR,-7.9575,-36.2047,66.6,81,87,11.12,overcast clouds
81,Chokurdakh,RU,70.6333,147.9167,51.04,47,30,7.05,scattered clouds
82,Yar-Sale,RU,66.8333,70.8333,55.08,98,100,11.97,light rain
83,Berlevag,NO,70.8578,29.0864,44.6,94,100,14.27,light rain
84,Airai,TL,-8.9266,125.4092,77.59,41,17,4.16,few clouds
85,Vardo,NO,70.3705,31.1107,48.4,93,100,17.36,overcast clouds
86,Sao Filipe,CV,14.8961,-24.4956,75.25,76,16,0.89,few clouds
87,Tecoanapa,MX,16.5167,-98.75,80.55,85,94,3.94,overcast clouds
88,Ler,SS,8.3018,30.1418,70.54,97,99,7.9,light rain
89,Flagstaff,US,35.1981,-111.6513,72.79,80,1,5.01,clear sky
90,Katherine,AU,-14.4667,132.2667,91.72,35,11,4.61,few clouds
91,Oranjemund,NA,-28.55,16.4333,54.95,74,0,6.55,clear sky
92,Balabac,PH,7.9868,117.0645,86.5,70,55,17.81,broken clouds
93,Waingapu,ID,-9.6567,120.2641,84.7,62,72,13.13,broken clouds
94,Gilbues,BR,-9.8317,-45.3439,70.18,49,61,7.58,broken clouds
95,Portland,US,45.5234,-122.6762,82.6,58,20,1.99,few clouds
96,Khatanga,RU,71.9667,102.5,71.94,46,87,5.5,overcast clouds
97,Kaitangata,NZ,-46.2817,169.8464,53.92,73,100,4.81,overcast clouds
98,Nichinan,JP,31.6,131.3667,90.55,68,100,9.24,overcast clouds
99,Dawei,MM,14.0833,98.2,81.91,87,100,9.6,overcast clouds
100,Carnarvon,AU,-24.8667,113.6333,62.67,37,0,21.85,clear sky
101,Ilulissat,GL,69.2167,-51.1,57.22,41,0,25.32,clear sky
102,Narsaq,GL,60.9167,-46.05,55.62,98,100,2.73,moderate rain
103,Klaksvik,FO,62.2266,-6.589,47.32,79,98,4.52,overcast clouds
104,Upernavik,GL,72.7868,-56.1549,41.38,82,2,10.4,clear sky
105,Port Alfred,ZA,-33.5906,26.891,59.94,85,88,10.4,light rain
106,Bluff,NZ,-46.6,168.3333,44.8,91,100,12.84,light rain
107,Progreso,MX,21.2833,-89.6667,80.71,81,89,11.72,overcast clouds
108,Iqaluit,CA,63.7506,-68.5145,49.73,93,90,1.99,light rain
109,Mae Hong Son,TH,19.3003,97.9685,80.74,83,75,2.3,broken clouds
110,Mehamn,NO,71.0357,27.8492,46.58,93,75,18.41,moderate rain
111,Karratha,AU,-20.7377,116.8463,74.73,27,0,17.49,clear sky
112,Kropotkin,RU,45.4375,40.5756,78.13,49,0,5.41,clear sky
113,Polyarnyye Zori,RU,67.3661,32.4981,54.9,100,73,5.46,broken clouds
114,Belmonte,BR,-15.8631,-38.8828,64.9,74,100,12.68,overcast clouds
115,Villanueva,HN,15.3167,-88.0,79.79,83,40,10.36,scattered clouds
116,Boguchar,RU,49.9358,40.545,78.26,53,1,3.18,clear sky
117,Dickinson,US,29.4608,-95.0513,86.2,80,1,1.01,clear sky
118,Katsuura,JP,35.1333,140.3,89.71,83,84,10.85,broken clouds
119,Kamenka,RU,51.3223,42.7678,75.63,56,4,6.2,clear sky
120,Sola,VU,-13.8833,167.55,81.27,54,75,0.0,broken clouds
121,Kruisfontein,ZA,-34.0033,24.7314,55.89,96,94,5.21,moderate rain
122,Simbahan,PH,6.3032,120.5836,84.06,74,77,12.24,broken clouds
123,Kushima,JP,31.4583,131.2333,90.91,66,100,9.22,overcast clouds
124,Thompson,CA,55.7435,-97.8558,71.76,60,90,9.22,smoke
125,Coquimbo,CL,-29.9533,-71.3436,53.33,87,0,6.91,clear sky
126,Urucara,BR,-2.5364,-57.76,75.4,81,100,2.48,overcast clouds
127,San Patricio,US,28.017,-97.5169,86.09,74,1,13.15,clear sky
128,Avarua,CK,-21.2078,-159.775,77.05,88,40,11.5,light rain
129,Cidreira,BR,-30.1811,-50.2056,53.33,94,3,4.97,clear sky
130,Mar Del Plata,AR,-38.0023,-57.5575,42.1,31,90,8.99,overcast clouds
131,Geraldton,AU,-28.7667,114.6,61.12,67,64,14.97,broken clouds
132,Lebu,CL,-37.6167,-73.65,49.24,82,5,16.28,clear sky
133,Solnechnyy,RU,50.7214,136.6319,76.32,58,79,5.59,broken clouds
134,Newport,GB,51.5877,-2.9984,57.63,90,69,8.57,broken clouds
135,Palana,RU,59.1167,159.9667,45.3,94,100,10.33,light rain
136,Burley,US,42.5357,-113.7928,71.56,73,20,8.05,few clouds
137,Half Moon Bay,US,37.4636,-122.4286,67.91,77,20,10.36,few clouds
138,Yerbogachen,RU,61.2767,108.0108,76.84,37,100,10.67,overcast clouds
139,Puerto Escondido,MX,15.85,-97.0667,81.57,81,96,3.87,overcast clouds
140,Dryden,CA,49.7833,-92.7503,66.49,63,90,5.75,overcast clouds
141,Houma,US,29.5958,-90.7195,82.99,85,1,0.0,clear sky
142,Shilovo,RU,54.3204,40.874,73.08,58,31,5.41,scattered clouds
143,Tarakan,ID,3.3,117.6333,83.7,74,40,6.91,scattered clouds
144,Victoria,HK,22.2855,114.1577,91.96,86,100,5.99,light rain
145,Marzuq,YE,14.4,46.4667,79.11,66,33,4.56,scattered clouds
146,Saint George,US,37.1041,-113.5841,92.62,27,1,1.01,clear sky
147,Arraial Do Cabo,BR,-22.9661,-42.0278,65.64,73,22,13.82,few clouds
148,Arlit,NE,18.7369,7.3853,91.94,34,8,12.06,clear sky
149,Georgetown,MY,5.4112,100.3354,87.89,73,20,4.0,few clouds
150,Dingle,PH,10.9995,122.6711,89.44,62,98,16.67,overcast clouds
151,Hobart,AU,-42.8794,147.3294,57.06,57,75,5.01,broken clouds
152,Taoudenni,ML,22.6783,-3.9836,97.34,28,83,14.16,broken clouds
153,Lasa,IT,46.6166,10.7002,56.28,89,88,4.76,overcast clouds
154,Isangel,VU,-19.55,169.2667,57.31,100,75,5.75,broken clouds
155,Koutsouras,GR,35.0339,25.9469,84.31,47,0,12.93,clear sky
156,Nikolskoye,RU,59.7035,30.7861,60.03,76,100,4.83,overcast clouds
157,Sorland,NO,67.667,12.6934,49.19,76,100,14.38,overcast clouds
158,Ribeira Grande,PT,38.5167,-28.7,72.72,95,24,11.34,few clouds
159,Bar Harbor,US,44.3876,-68.2039,61.93,82,75,5.75,broken clouds
160,Oktyabrskiy,RU,54.4815,53.471,76.28,42,69,4.21,broken clouds
161,Hambantota,LK,6.1241,81.1185,84.54,79,20,16.11,few clouds
162,Waipawa,NZ,-41.4122,175.5153,52.43,73,13,5.48,few clouds
163,Aswan,EG,24.0934,32.907,85.3,15,0,2.3,clear sky
164,Torbay,CA,47.6666,-52.7314,58.75,92,75,14.97,broken clouds
165,Bridgetown,BB,13.1,-59.6167,81.09,78,40,10.36,scattered clouds
166,Gizo,SB,-8.103,156.8419,81.19,79,37,12.44,light rain
167,Namibe,AO,-15.1961,12.1522,66.15,87,4,1.81,clear sky
168,Seidu,SL,9.0167,-10.6,67.69,99,99,3.53,light rain
169,Aklavik,CA,68.2191,-135.0107,74.12,62,97,10.89,overcast clouds
170,Carutapera,BR,-1.195,-46.02,72.1,89,60,2.3,broken clouds
171,Nantucket,US,41.2835,-70.0995,68.97,85,90,8.05,overcast clouds
172,Hudson Bay,CA,52.85,-102.3842,67.84,44,18,4.63,few clouds
173,Molteno,ZA,-31.3968,26.3625,38.77,51,56,1.36,broken clouds
174,Vao,NC,-22.6667,167.4833,67.35,60,4,13.85,clear sky
175,Batagay-Alyta,RU,67.8006,130.4114,73.27,38,0,6.78,clear sky
176,Buin,CL,-33.7333,-70.75,64.74,20,0,3.8,clear sky
177,Bengkulu,ID,-3.8004,102.2655,79.18,87,60,10.76,broken clouds
178,Bereda,ES,43.2686,-7.5406,55.92,100,77,2.48,broken clouds
179,Timberlake,US,37.3207,-79.2575,71.87,80,1,0.0,clear sky
180,Rolla,US,37.9514,-91.7713,72.52,82,1,1.99,haze
181,San Carlos De Bariloche,AR,-41.1456,-71.3082,39.43,57,0,1.14,clear sky
182,Visnes,NO,59.3556,5.2242,53.65,76,40,24.16,scattered clouds
183,Bluefield,US,37.2698,-81.2223,66.76,77,75,3.0,broken clouds
184,Baoqing,CN,46.3317,132.2111,92.79,39,45,9.64,scattered clouds
185,Kristianstad,SE,56.0313,14.1524,57.58,95,20,1.99,few clouds
186,Atambua,ID,-9.1061,124.8925,85.6,50,8,2.71,clear sky
187,Charters Towers,AU,-20.1,146.2667,84.4,24,0,11.95,clear sky
188,Nara,JP,34.6851,135.8049,96.12,44,89,4.88,overcast clouds
189,Kanasin,MX,20.9333,-89.5667,80.62,74,75,10.36,broken clouds
190,Longyearbyen,SJ,78.2186,15.6401,46.24,71,40,12.66,scattered clouds
191,Kortkeros,RU,61.8106,51.5806,57.2,89,85,6.22,light rain
192,Asau,RO,46.4333,26.4,73.76,85,24,5.97,few clouds
193,Sale,MA,34.0389,-6.8166,63.75,94,30,0.0,scattered clouds
194,Teguldet,RU,57.3064,88.1667,69.91,53,1,2.77,clear sky
195,Vila Velha,BR,-20.3297,-40.2925,58.95,94,0,2.3,clear sky
196,Tiksi,RU,71.6872,128.8694,54.59,58,12,6.29,few clouds
197,Turbat,PK,26.0023,63.044,87.3,67,97,3.71,overcast clouds
198,Sahaswan,IN,28.0833,78.75,87.75,66,84,15.43,broken clouds
199,Ayabaca,PE,-4.6398,-79.7149,45.01,82,6,8.59,clear sky
200,Lata,PT,40.1629,-8.3327,64.92,95,100,0.96,overcast clouds
201,Makakilo City,US,21.3469,-158.0858,84.52,51,1,13.8,clear sky
202,Tual,ID,-5.6667,132.75,81.52,78,23,11.34,few clouds
203,Ombessa,CM,4.603,11.2565,68.7,97,100,3.98,overcast clouds
204,Kenora,CA,49.8167,-94.4337,68.97,60,75,4.61,smoke
205,Havre-Saint-Pierre,CA,50.2334,-63.5986,55.76,94,90,5.75,overcast clouds
206,Vestmannaeyjar,IS,63.4427,-20.2734,53.42,88,86,6.93,overcast clouds
207,Shiyan,CN,32.6475,110.7781,92.41,67,69,7.58,broken clouds
208,Yulara,AU,-25.2406,130.9889,64.24,22,0,13.8,clear sky
209,Ukiah,US,39.1502,-123.2078,67.86,78,1,2.95,clear sky
210,Nizhniy Tsasuchey,RU,50.5167,115.1333,80.76,37,45,14.41,scattered clouds
211,Buala,SB,-8.145,159.5921,79.65,84,100,7.58,light rain
212,Mae Sai,TH,20.4335,99.8762,87.44,87,100,0.78,overcast clouds
213,Makat,KZ,47.6469,53.3463,91.89,18,1,4.23,clear sky
214,Sorong,ID,-0.8833,131.25,87.85,64,57,10.83,broken clouds
215,Kimbe,PG,-5.5502,150.1429,85.75,68,54,5.28,light rain
216,Nanortalik,GL,60.1432,-45.2371,45.7,93,100,7.67,moderate rain
217,Road Town,VG,18.4167,-64.6167,81.19,75,0,14.29,clear sky
218,Ishikari,JP,43.2397,141.3539,84.27,70,40,24.16,scattered clouds
219,Abu Samrah,SY,35.3029,37.1841,78.21,46,0,6.38,clear sky
220,Saskylakh,RU,71.9167,114.0833,81.12,33,8,9.46,clear sky
221,Bilibino,RU,68.0546,166.4372,47.08,56,98,11.92,overcast clouds
222,Marsa Matruh,EG,31.3525,27.2453,77.2,83,0,10.36,clear sky
223,San Pedro,PH,14.35,121.0167,89.31,69,75,21.85,broken clouds
224,Inuvik,CA,68.3499,-133.7218,74.16,53,75,3.44,broken clouds
225,Medvezhyegorsk,RU,62.9167,34.4667,58.6,93,25,5.75,scattered clouds
226,Denpasar,ID,-8.65,115.2167,78.46,89,75,19.57,broken clouds
227,Aratoca,CO,6.6935,-73.0208,59.74,89,100,3.69,overcast clouds
228,Fort Saint James,CA,54.4333,-124.25,67.01,78,64,5.14,broken clouds
229,Guerrero Negro,MX,27.9769,-114.0611,74.25,74,0,12.3,clear sky
230,Pingliang,CN,35.5392,106.6861,90.73,23,45,11.52,scattered clouds
231,Naraina,IN,26.7833,75.2,77.14,80,99,19.71,light rain
232,Noumea,NC,-22.2763,166.4572,73.38,57,2,9.08,clear sky
233,San Rafael,AR,-34.6177,-68.3301,50.7,38,0,9.37,clear sky
234,Tabou,CI,4.423,-7.3528,76.06,80,97,6.13,overcast clouds
235,Alegrete,BR,-29.7831,-55.7919,47.64,85,0,7.56,clear sky
236,Tarko-Sale,RU,64.9225,77.785,66.83,51,88,11.45,overcast clouds
237,Lagoa,PT,39.05,-27.9833,71.94,94,100,13.24,overcast clouds
238,Tazovskiy,RU,67.4667,78.7,60.58,60,100,11.14,overcast clouds
239,Conway,US,35.0887,-92.4421,79.02,72,90,3.44,overcast clouds
240,Nampula,MZ,-15.1165,39.2666,60.75,100,20,3.44,few clouds
241,Carnot,CF,4.9409,15.8665,67.91,98,100,2.42,light rain
242,Ust-Tsilma,RU,65.441,52.1498,59.09,69,35,1.52,scattered clouds
243,Cartagena,CO,10.3997,-75.5144,78.42,83,40,4.61,scattered clouds
244,Ochakiv,UA,46.6128,31.5498,75.38,77,3,12.48,clear sky
245,Sawakin,SD,19.1059,37.3321,89.56,54,40,16.31,scattered clouds
246,Bambous Virieux,MU,-20.3428,57.7575,68.25,83,75,10.36,broken clouds
247,Shingu,JP,33.7333,135.9833,88.79,68,98,8.3,overcast clouds
248,Fortuna,US,40.5982,-124.1573,57.92,88,1,1.01,clear sky
249,Vidim,RU,56.4088,103.1106,74.84,36,72,5.3,broken clouds
250,Shimoda,JP,34.6667,138.95,87.1,73,86,11.07,overcast clouds
251,Archena,ES,38.1163,-1.3004,74.91,76,91,3.2,overcast clouds
252,Santa Cruz,BO,-17.8,-63.1667,67.46,32,75,10.36,broken clouds
253,Montrose,US,38.4166,-108.2673,56.37,85,100,4.83,overcast clouds
254,Coahuayana,MX,18.7333,-103.6833,79.54,87,64,0.4,broken clouds
255,Pizarro,CO,4.9533,-77.366,77.27,89,93,2.66,light rain
256,Key Biscayne,US,25.6937,-80.1628,86.02,77,75,1.99,broken clouds
257,Saquena,PE,-4.6667,-73.5167,68.81,80,17,0.6,few clouds
258,Talnakh,RU,69.4865,88.3972,67.95,58,65,6.62,broken clouds
259,Gornopravdinsk,RU,60.05,69.9,64.54,89,92,6.06,light rain
260,Safaga,EG,26.7292,33.9365,85.95,56,8,5.88,clear sky
261,Torgelow,DE,53.6333,14.0167,58.91,92,61,10.11,broken clouds
262,Tucuma,BR,-0.1833,-50.05,74.82,86,40,4.61,scattered clouds
263,Pedasi,PA,7.5333,-80.0333,80.4,80,100,7.49,overcast clouds
264,Zykovo,RU,55.9519,93.1461,72.34,49,18,3.36,few clouds
265,Julio De Castilhos,BR,-29.2269,-53.6817,39.58,89,0,5.88,clear sky
266,Antofagasta,CL,-23.65,-70.4,56.48,79,40,2.73,scattered clouds
267,Kabo,CF,7.6994,18.629,69.89,98,100,2.71,moderate rain
268,Bethel,US,41.3712,-73.414,68.68,92,75,6.91,broken clouds
269,Glebychevo,RU,60.4387,28.7183,62.89,75,100,13.56,overcast clouds
270,Nandura,IN,20.8333,76.45,79.45,74,100,15.28,overcast clouds
271,Urumqi,CN,43.801,87.6005,76.15,27,0,4.47,clear sky
272,Frutal,BR,-20.0247,-48.9406,64.6,55,8,3.49,clear sky
273,Araouane,ML,18.9048,-3.5265,91.04,40,7,11.16,clear sky
274,Leh,IN,34.1667,77.5833,63.72,44,4,6.08,clear sky
275,Bawku,GH,11.0616,-0.2417,75.27,79,28,3.94,scattered clouds
276,Ulladulla,AU,-35.35,150.4667,63.88,50,3,14.34,clear sky
277,Ampanihy,MG,-24.7,44.75,61.57,53,0,6.46,clear sky
278,Shenjiamen,CN,29.9576,122.298,81.9,86,100,11.79,overcast clouds
279,San Quintin,MX,30.4833,-115.95,69.82,77,25,10.49,scattered clouds
280,Puerto Rondon,CO,6.2805,-71.1,72.25,89,99,8.16,overcast clouds
281,Mitu,CO,1.1983,-70.1733,69.75,81,66,2.33,broken clouds
282,Bathsheba,BB,13.2167,-59.5167,81.21,78,40,10.36,scattered clouds
283,Breytovo,RU,58.2993,37.8617,64.78,83,100,2.57,overcast clouds
284,Kurilsk,RU,45.2333,147.8833,62.2,78,98,6.15,overcast clouds
285,Esperance,AU,-33.8667,121.9,57.04,63,100,16.46,overcast clouds
286,Omboue,GA,-1.5746,9.2618,73.63,84,74,5.57,broken clouds
287,Klyuchi,RU,52.2667,79.1667,81.14,41,13,7.85,few clouds
288,Nsukka,NG,6.8561,7.3927,67.53,97,100,2.57,overcast clouds
289,Baker City,US,44.7749,-117.8344,73.31,78,1,3.44,clear sky
290,Jatai,BR,-17.8814,-51.7144,61.88,45,3,4.29,clear sky
291,Riyadh,SA,24.6877,46.7219,86.14,11,3,7.74,clear sky
292,Talaya,RU,61.3833,152.75,42.58,72,93,17.67,overcast clouds
293,Ishimbay,RU,53.4545,56.0415,75.58,44,99,2.51,overcast clouds
294,Nizhnekamsk,RU,55.6366,51.8245,68.79,68,0,6.71,clear sky
295,Ponta Do Sol,PT,32.6667,-17.1,72.23,79,2,4.7,clear sky
296,Mahur,IN,25.1667,93.1167,74.21,90,99,3.13,overcast clouds
297,Araria,IN,26.15,87.5167,79.61,90,100,13.09,moderate rain
298,Swift Current,CA,50.2834,-107.8014,77.81,31,1,8.05,clear sky
299,Mehriz,IR,31.5917,54.4318,77.5,15,84,5.01,broken clouds
300,Qaqortoq,GL,60.7167,-46.0333,55.9,98,100,5.97,moderate rain
301,Anadyr,RU,64.75,177.4833,50.5,76,40,4.0,scattered clouds
302,Maningrida,AU,-12.0667,134.2667,86.63,51,2,11.88,clear sky
303,Nome,US,64.5011,-165.4064,54.16,94,90,8.05,light rain
304,Bonavista,CA,48.6499,-53.1147,61.12,84,1,17.63,clear sky
305,Prince Rupert,CA,54.3161,-130.3201,64.09,79,1,5.75,clear sky
306,Vestmanna,FO,62.1564,-7.1664,45.52,87,90,1.14,overcast clouds
307,Neiafu,TO,-18.65,-173.9833,74.08,88,75,8.05,light rain
308,The Valley,AI,18.217,-63.0578,82.26,75,0,14.14,clear sky
309,Tando Adam,PK,25.7637,68.661,86.05,60,39,22.1,scattered clouds
310,Rio Grande,BR,-32.035,-52.0986,47.95,94,0,6.87,clear sky
311,Luderitz,NA,-26.6481,15.1594,62.56,36,0,6.64,clear sky
312,Norrtalje,SE,59.758,18.705,62.83,83,65,3.78,broken clouds
313,Sinjar,IQ,36.3209,41.8754,89.96,19,1,6.49,clear sky
314,Saint-Francois,FR,46.4154,3.9054,52.48,96,0,0.0,clear sky
315,Vaitape,PF,-16.5167,-151.75,77.88,71,24,14.65,few clouds
316,Severo-Yeniseyskiy,RU,60.3725,93.0408,68.45,47,74,4.5,broken clouds
317,Norman Wells,CA,65.282,-126.8329,84.24,42,20,0.0,smoke
318,Gaya,IN,24.7833,85.0,87.71,70,20,0.0,haze
319,Praia Da Vitoria,PT,38.7333,-27.0667,74.75,100,90,12.06,light intensity drizzle
320,Brae,GB,60.3964,-1.353,48.11,79,100,11.65,overcast clouds
321,Manaure,CO,11.7751,-72.4445,82.62,74,9,14.05,clear sky
322,Naryan-Mar,RU,67.6713,53.087,55.15,71,54,6.91,broken clouds
323,Tumut,AU,-35.3,148.2167,54.59,51,0,7.96,clear sky
324,Spas-Demensk,RU,54.4122,34.0226,64.92,95,80,6.2,broken clouds
325,Beringovskiy,RU,63.05,179.3167,45.03,80,99,24.23,overcast clouds
326,Tura,IN,25.5198,90.2201,79.97,89,93,5.73,overcast clouds
327,Yuzhne,UA,46.6221,31.1013,75.42,81,4,12.44,clear sky
328,Khorixas,NA,-20.3667,14.9667,59.61,29,0,12.19,clear sky
329,Fairbanks,US,64.8378,-147.7164,77.34,60,40,3.44,scattered clouds
330,Constitucion,CL,-35.3333,-72.4167,52.36,63,0,5.95,clear sky
331,Marau,BR,-28.4492,-52.2,43.92,91,1,1.83,clear sky
332,Jonkoping,SE,57.7814,14.1562,55.38,100,90,3.44,light intensity drizzle
333,Labuhan,ID,-6.8844,112.2051,87.49,54,56,2.93,broken clouds
334,Kaabong,UG,3.4836,34.1492,63.27,78,91,4.41,overcast clouds
335,Margate,GB,51.3813,1.3862,57.69,75,88,1.01,overcast clouds
336,Ancud,CL,-41.8697,-73.8203,45.93,89,100,3.22,overcast clouds
337,Cayenne,GF,4.9333,-52.3333,74.08,90,0,3.44,clear sky
338,Port Blair,IN,11.6667,92.75,83.35,80,100,20.2,overcast clouds
339,Gyula,HU,46.65,21.2833,66.78,91,77,5.55,broken clouds
340,Russell,US,32.3502,-85.1999,79.88,90,1,0.0,clear sky
341,Kuytun,RU,54.3419,101.5036,55.31,97,100,9.57,light rain
342,Bosobolo,CD,4.1833,19.9,68.05,96,98,0.89,overcast clouds
343,Santa Luzia,BR,-19.7697,-43.8514,56.3,67,0,6.91,clear sky
344,Manokwari,ID,-0.8667,134.0833,84.33,71,34,10.85,scattered clouds
345,Ajaccio,FR,42.0,8.9167,69.85,72,75,6.91,broken clouds
346,Gamba,GA,-2.65,10.0,71.78,88,43,3.44,scattered clouds
347,Batangafo,CF,7.3008,18.2833,69.44,98,99,3.31,light rain
348,Chicla,PE,-11.705,-76.2686,40.93,72,31,10.09,scattered clouds
349,Port Elizabeth,ZA,-33.918,25.5701,58.1,94,75,10.36,light rain
350,Qesarya,IL,32.5189,34.9046,75.51,73,0,5.95,clear sky
351,Crotone,IT,39.0851,17.1178,83.43,48,11,1.86,few clouds
352,Igarka,RU,67.4667,86.5833,67.08,61,28,5.75,scattered clouds
353,Mahibadhoo,MV,3.7833,72.9667,82.58,72,100,9.35,overcast clouds
354,Sandy Bay,AU,-42.913,147.3532,57.09,58,75,3.0,broken clouds
355,Zapolyarnyy,RU,69.4154,30.8136,52.88,96,100,5.48,overcast clouds
356,Talcahuano,CL,-36.7167,-73.1167,47.88,93,0,8.05,clear sky
357,Kaithal,IN,29.8,76.3833,89.8,63,43,3.4,scattered clouds
358,Richards Bay,ZA,-28.783,32.0377,68.41,73,95,16.17,overcast clouds
359,Sibolga,ID,1.7427,98.7792,85.03,60,91,3.53,overcast clouds
360,Egvekinot,RU,66.3167,-179.1667,45.37,59,98,3.78,overcast clouds
361,Dombarovskiy,RU,50.7587,59.5386,81.68,40,7,4.56,clear sky
362,Sal Rei,CV,16.1833,-22.9167,75.76,80,97,7.43,overcast clouds
363,Natchitoches,US,31.7668,-93.1335,83.25,89,75,3.44,broken clouds
364,Mount Gambier,AU,-37.8333,140.7667,60.71,55,40,25.32,scattered clouds
365,Nokaneng,BW,-19.6667,22.2667,51.67,49,0,5.75,clear sky
366,Pucallpa,PE,-8.3791,-74.5539,77.04,73,40,4.61,scattered clouds
367,Fukue,JP,32.6881,128.8419,84.56,84,75,11.5,broken clouds
368,Faya,SA,18.3851,42.4509,64.51,62,62,4.03,broken clouds
369,Date,JP,42.4681,140.8681,79.3,83,87,7.0,overcast clouds
370,Anton Lizardo,MX,19.05,-95.9833,78.22,78,53,2.66,broken clouds
371,Mino,JP,34.8269,135.4706,96.04,52,75,2.3,broken clouds
372,Nanchang,CN,28.6833,115.8833,94.48,51,0,7.81,light rain
373,Honningsvag,NO,70.9821,25.9704,46.15,81,75,8.05,broken clouds
374,Lashio,MM,22.9333,97.75,70.0,99,100,2.1,overcast clouds
375,Vancouver,CA,49.2497,-123.1193,76.15,65,90,1.01,smoke
376,Yumaguzino,RU,52.9041,56.3933,77.77,41,54,2.46,broken clouds
377,Flinders,AU,-34.5833,150.8552,67.17,68,5,4.0,clear sky
378,Goderich,CA,43.7501,-81.7165,65.91,88,23,6.91,few clouds
379,Kruglolesskoye,RU,44.6589,42.8142,66.29,52,0,0.38,clear sky
380,Matongo,TZ,-2.3833,34.0833,61.3,57,12,4.65,few clouds
381,Vila Franca Do Campo,PT,37.7167,-25.4333,70.21,90,55,9.06,broken clouds
382,Srednekolymsk,RU,67.45,153.6833,47.73,48,99,8.21,overcast clouds
383,Krasnoselkup,RU,65.7,82.4667,69.76,57,57,9.84,broken clouds
384,Nouadhibou,MR,20.931,-17.0347,71.58,78,0,11.5,clear sky
385,Idar,DE,49.7167,7.3,55.27,89,55,1.01,broken clouds
386,Botou,CN,38.0667,116.5667,84.25,60,16,9.33,light rain
387,Baykit,RU,61.67,96.37,73.98,44,100,6.96,overcast clouds
388,Bay City,US,43.5945,-83.8889,61.95,85,1,3.44,clear sky
389,Shentala,RU,54.45,51.4833,75.78,41,40,4.97,scattered clouds
390,Omsukchan,RU,62.5333,155.8,34.68,99,100,11.83,light rain
391,Marawi,PH,7.9986,124.2928,84.92,53,82,5.46,broken clouds
392,Sambava,MG,-14.2667,50.1667,67.35,86,39,8.84,scattered clouds
393,Hirara,JP,24.8,125.2833,84.47,84,75,5.75,broken clouds
394,Jishou,CN,28.3167,109.7167,96.39,48,0,3.0,clear sky
395,Hamilton,US,39.1834,-84.5333,66.22,79,1,0.0,clear sky
396,Kieta,PG,-6.2167,155.6333,82.63,78,26,6.46,light rain
397,Rongcheng,CN,30.634,117.8517,92.16,60,0,6.67,clear sky
398,Kupang,ID,-10.1667,123.5833,88.38,55,20,14.97,few clouds
399,Puerto Leguizamo,CO,-0.1934,-74.7819,68.41,91,100,2.13,overcast clouds
400,Kjopsvik,NO,68.097,16.3742,50.16,93,100,7.49,light rain
401,Tilichiki,RU,60.4667,166.1,51.78,78,99,7.61,light rain
402,Chara,RU,56.9064,118.2631,57.04,74,98,3.04,overcast clouds
403,Broome,US,42.2506,-75.833,61.02,98,90,1.01,mist
404,Sazonovo,RU,59.0919,35.2268,60.03,87,100,2.95,overcast clouds
405,Laarne,BE,51.0443,3.8817,59.05,83,100,0.27,overcast clouds
406,Big Spring,US,32.2504,-101.4787,78.28,82,40,1.01,scattered clouds
407,College,US,64.8569,-147.8028,77.32,59,75,4.61,broken clouds
408,Sao Joao Da Barra,BR,-21.6403,-41.0511,64.49,73,59,4.97,broken clouds
409,Hailar,CN,49.2,119.7,74.46,48,0,7.29,clear sky
410,Salinopolis,BR,-0.6136,-47.3561,76.87,81,54,3.8,broken clouds
411,Hailey,US,43.5196,-114.3153,66.06,80,1,8.05,clear sky
412,Tairua,NZ,-37.0167,175.85,62.1,68,11,3.67,few clouds
413,Carauari,BR,-4.8828,-66.8958,73.17,63,94,1.86,overcast clouds
414,Qui Nhon,VN,13.7667,109.2333,92.55,51,81,20.07,broken clouds
415,Lazaro Cardenas,MX,17.9583,-102.2,80.49,85,20,4.23,few clouds
416,Tsurib,RU,42.2368,46.8307,65.3,65,71,1.3,broken clouds
417,Bouloupari,NC,-21.8667,166.05,73.31,51,0,10.0,clear sky
418,Meulaboh,ID,4.1363,96.1285,83.55,65,92,1.88,overcast clouds
419,Morristown,US,36.214,-83.2949,68.92,66,6,2.66,clear sky
420,Fort Nelson,CA,58.8053,-122.7002,89.19,33,20,3.44,smoke
421,Santa Maria,BR,-29.6842,-53.8069,43.9,100,0,0.0,clear sky
422,Berdigestyakh,RU,62.0989,126.6992,81.3,21,100,12.55,overcast clouds
423,Sabha,LY,27.0377,14.4283,82.76,14,2,9.4,clear sky
424,Mongagua,BR,-24.0931,-46.6208,62.64,90,70,2.98,broken clouds
425,La Ronge,CA,55.1001,-105.2842,73.65,53,75,2.3,smoke
426,Verkhoyansk,RU,67.5447,133.385,74.03,23,0,4.68,clear sky
427,Poum,NC,-20.2333,164.0167,70.03,58,1,14.12,clear sky
428,Strelka,RU,58.0728,93.0344,72.54,58,65,2.62,broken clouds
429,Auki,SB,-8.7676,160.7034,80.42,83,34,6.62,scattered clouds
430,Carballo,ES,43.213,-8.691,60.87,94,39,3.62,scattered clouds
431,Rudbar,AF,30.15,62.6,89.08,13,0,21.43,clear sky
432,Nova Olimpia,BR,-14.7972,-57.2881,65.7,40,0,3.62,clear sky
433,Menzelinsk,RU,55.7271,53.1026,70.84,51,34,8.75,scattered clouds
434,Nakapiripirit,UG,1.9167,34.7833,63.64,85,95,1.39,light rain
435,Farmington,US,36.7281,-108.2187,74.59,64,75,14.97,broken clouds
436,Yining,CN,29.0361,114.5636,97.48,46,0,3.94,light rain
437,Samarai,PG,-10.6167,150.6667,79.32,63,92,9.4,overcast clouds
438,Grindavik,IS,63.8424,-22.4338,52.56,93,75,6.91,broken clouds
439,Kerman,IR,30.2832,57.0788,73.26,23,0,4.61,clear sky
440,Chicama,PE,-7.8447,-79.1469,64.67,84,5,5.5,clear sky
441,Jalu,LY,29.0331,21.5482,82.02,36,1,5.73,clear sky
442,Ust-Omchug,RU,61.15,149.6333,50.52,45,48,17.31,scattered clouds
443,Zhezkazgan,KZ,47.8043,67.7144,89.26,23,7,3.53,clear sky
444,Fuling,CN,29.7022,107.3919,94.01,61,0,3.58,clear sky
445,Pakxan,LA,18.3778,103.6601,79.27,90,100,4.85,overcast clouds
446,Te Anau,NZ,-45.4167,167.7167,46.35,90,100,2.66,light rain
447,Benghazi,LY,32.1167,20.0667,80.6,67,0,9.48,clear sky
448,Ugoofaaru,MV,5.6667,73.0,83.1,74,96,11.65,overcast clouds
449,Lubao,PH,14.9167,120.55,89.62,76,100,18.07,moderate rain
450,Hongjiang,CN,27.11,109.9956,98.08,42,0,3.87,clear sky
451,Ciudad Bolivar,VE,8.1222,-63.5497,76.14,84,99,4.36,overcast clouds
452,Port Keats,AU,-14.25,129.55,85.15,58,34,10.45,scattered clouds
453,Acarau,BR,-2.8856,-40.12,75.43,63,48,8.79,scattered clouds
454,Starkville,US,33.4504,-88.8184,76.77,91,81,4.25,broken clouds
455,Bella Union,UY,-30.2752,-57.6007,46.22,83,0,6.76,clear sky
456,Adrar,MR,20.5022,-10.0711,88.63,35,43,11.32,scattered clouds
457,Kodiak,US,57.79,-152.4072,56.71,88,90,5.75,overcast clouds
458,Guacimo,CR,10.2104,-83.6807,81.18,96,100,2.53,overcast clouds
459,Baisha,CN,26.5222,110.9311,97.45,40,0,5.66,clear sky
460,Owando,CG,-0.4819,15.8999,74.95,64,81,2.13,broken clouds
461,Matay,EG,28.419,30.7792,81.64,39,3,7.23,clear sky
462,Butig,PH,7.7244,124.3008,82.02,60,100,7.09,overcast clouds
463,Lauria,IT,40.0465,15.8358,70.47,76,1,2.55,clear sky
464,Salalah,OM,17.0151,54.0924,77.09,94,90,3.44,light intensity drizzle
465,Les Cayes,HT,18.2,-73.75,78.62,82,39,3.65,scattered clouds
466,Batagay,RU,67.6333,134.6333,74.7,26,0,2.04,clear sky
467,Haapiti,PF,-17.5667,-149.8667,78.53,62,9,9.78,clear sky
468,Pacific Grove,US,36.6177,-121.9166,65.25,82,34,1.99,scattered clouds
469,Ancona,IT,43.55,13.1667,74.34,55,62,5.75,broken clouds
470,Walcz,PL,53.2779,16.4712,56.1,97,81,8.3,broken clouds
471,Makhinjauri,GE,41.6739,41.694,73.26,88,75,8.05,broken clouds
472,Grand Gaube,MU,-20.0064,57.6608,68.4,82,6,5.01,light rain
473,Ferlach,AT,46.5269,14.3019,62.26,74,75,3.44,broken clouds
474,Khislavichi,RU,54.1871,32.1582,65.93,91,91,7.18,moderate rain
475,Sosnovo-Ozerskoye,RU,52.5249,111.5418,72.3,40,10,6.31,clear sky
476,Ginir,ET,7.1333,40.7,57.99,74,75,10.8,broken clouds
477,Cabo San Lucas,MX,22.8909,-109.9124,87.51,74,17,5.99,few clouds
478,Hofn,IS,64.2539,-15.2082,53.42,92,100,3.29,overcast clouds
479,Plymouth,US,41.8334,-70.8328,67.87,79,75,0.0,broken clouds
480,Qingquan,CN,30.4511,115.2559,95.02,56,0,4.21,light rain
481,Moose Factory,CA,51.2585,-80.6094,51.8,93,90,8.05,overcast clouds
482,Codrington,AU,-38.2667,141.9667,57.83,67,12,20.62,few clouds
483,Nsanje,MW,-16.92,35.262,58.15,89,0,0.45,clear sky
484,Alofi,NU,-19.0595,-169.9187,78.69,65,14,16.11,few clouds
485,Ixtapa,MX,20.7,-105.2,77.31,93,57,2.33,broken clouds
486,Linkuva,LT,56.0856,23.9725,61.47,97,100,4.76,overcast clouds
487,Ust-Kuyga,RU,70.0167,135.6,71.67,27,0,7.76,clear sky
488,Lebyazhye,RU,55.2689,66.4947,70.88,58,88,11.59,overcast clouds
489,Caravelas,BR,-17.7125,-39.2481,66.99,74,74,8.12,broken clouds
490,Puerto Baquerizo Moreno,EC,-0.9,-89.6,70.9,87,39,10.98,scattered clouds
491,Tyulyachi,RU,55.8913,50.2399,73.6,59,59,7.25,broken clouds
492,Mezhova,UA,48.2532,36.7347,75.43,57,1,1.68,clear sky
493,Ta Khmau,KH,11.4833,104.95,91.45,55,40,17.27,scattered clouds
494,Kuntaur,GM,13.6667,-14.8833,75.38,92,100,7.07,overcast clouds
495,Cedral,MX,23.8,-100.7333,69.03,64,96,9.31,overcast clouds
496,Avera,US,33.194,-82.5271,84.07,79,19,6.02,few clouds
497,Itarema,BR,-2.9248,-39.9167,75.11,63,41,8.12,scattered clouds
498,Celestun,MX,20.8667,-90.4,81.28,79,86,11.95,overcast clouds
499,Curuca,BR,-0.7289,-47.8481,71.69,92,53,3.2,broken clouds
500,Baherden,TM,38.4362,57.4316,90.12,11,2,10.89,clear sky
501,Kirakira,SB,-10.4544,161.9205,79.47,73,100,9.64,overcast clouds
502,Vila,PT,42.0304,-8.1588,55.33,94,84,3.15,broken clouds
503,Ejutla De Crespo,MX,16.5667,-96.7333,65.91,85,99,3.29,overcast clouds
504,Olafsvik,IS,64.8945,-23.7142,53.26,89,80,3.36,broken clouds
505,Shiloh,US,38.5614,-89.8973,73.08,96,1,0.0,clear sky
506,Northam,GB,51.0333,-4.2167,55.38,87,49,3.8,scattered clouds
507,Tagusao,PH,9.1924,117.8141,86.92,70,32,18.9,scattered clouds
508,Wamba,NG,8.9333,8.6,68.99,94,100,3.62,overcast clouds
509,Larkollen,NO,59.3339,10.6656,56.26,61,90,9.22,overcast clouds
510,Pontianak,ID,-0.0333,109.3333,84.18,84,75,6.91,broken clouds
511,Biankouma,CI,7.7391,-7.6138,69.04,96,86,2.01,overcast clouds
512,Anrochte,DE,51.5667,8.3333,55.74,96,89,4.85,overcast clouds
513,Seversk,RU,56.6006,84.8864,70.75,73,74,1.79,broken clouds
514,Lompoc,US,34.6391,-120.4579,69.39,75,1,9.22,clear sky
515,Kungurtug,RU,50.5994,97.5228,52.36,87,100,7.72,overcast clouds
516,Aketi,CD,2.7388,23.7833,70.99,88,100,1.32,overcast clouds
517,Arauco,CL,-37.2463,-73.3175,48.22,59,6,5.46,clear sky
518,Dimitrovgrad,RU,54.2139,49.6184,66.25,50,19,4.54,few clouds
519,Ponerihouen,NC,-21.0833,165.4,71.76,47,0,5.12,clear sky
520,Gezing,AT,47.9178,13.1299,56.01,99,75,8.05,broken clouds
521,Nobres,BR,-14.7203,-56.3275,70.12,37,0,4.5,clear sky
522,Hobyo,SO,5.3505,48.5268,77.25,77,6,20.92,clear sky
523,Rochefort,FR,45.9167,-1.0,60.85,91,20,4.94,few clouds
524,Sitka,US,57.0531,-135.33,62.49,72,75,4.61,broken clouds
525,Ewa Beach,US,21.3156,-158.0072,85.95,51,1,13.8,clear sky
526,Praia,CV,14.9215,-23.5087,75.74,78,20,3.44,few clouds
527,Umea,SE,63.8284,20.2597,51.73,66,75,9.22,broken clouds
528,Alugan,PH,12.2188,125.4808,92.21,53,100,7.92,overcast clouds
529,Lac Du Bonnet,CA,50.2536,-96.0612,65.59,56,8,2.95,clear sky
530,Husavik,IS,66.0449,-17.3389,49.91,73,100,1.39,overcast clouds
531,Pisco,PE,-13.7,-76.2167,62.65,82,90,8.05,overcast clouds
532,Tshikapa,CD,-6.4167,20.8,65.5,33,25,1.66,scattered clouds
533,Aginskoye,RU,51.1,114.53,75.65,51,9,9.22,clear sky
534,Locri,IT,38.2414,16.2623,86.58,58,38,11.72,scattered clouds
535,Tuxpan,MX,19.55,-103.4,66.7,95,60,2.66,broken clouds
536,Komsomolskiy,UZ,40.4272,71.7189,83.12,34,11,4.61,few clouds
537,Hargeysa,SO,9.56,44.065,66.61,68,25,29.26,scattered clouds
538,Bajil,YE,15.0584,43.2851,89.08,50,100,3.42,overcast clouds
539,Dordrecht,NL,51.81,4.6736,59.05,89,26,3.29,scattered clouds
540,Strezhevoy,RU,60.7333,77.5889,58.98,62,100,9.51,overcast clouds
541,Baglan,AF,36.1307,68.7083,90.37,15,0,2.75,clear sky
542,Jieshi,CN,22.8134,115.8257,90.95,71,76,10.45,broken clouds
543,Caceres,ES,39.522,-6.3748,62.8,88,99,3.67,overcast clouds
544,Souillac,MU,-20.5167,57.5167,68.38,83,75,10.36,broken clouds
545,Tutoia,BR,-2.7619,-42.2744,75.94,87,55,3.58,broken clouds
546,Gistrup,DK,56.9943,9.9909,56.91,92,40,1.01,scattered clouds
547,Saint-Pierre,RE,-21.3393,55.4781,69.44,60,75,4.61,broken clouds
548,Stephenville,US,32.2207,-98.2023,75.92,90,1,0.0,light rain
549,Kpandu,GH,6.9954,0.2931,72.27,88,81,4.7,broken clouds
550,Utena,LT,55.5,25.6,59.4,97,100,9.91,overcast clouds
551,Vyshneve,UA,50.3891,30.3705,74.05,73,0,4.47,clear sky
552,Eureka,US,40.8021,-124.1637,58.19,80,26,3.0,scattered clouds
553,Eyl,SO,7.9803,49.8164,79.88,67,37,29.28,scattered clouds
554,Plettenberg Bay,ZA,-34.0527,23.3716,57.87,85,100,3.44,light rain
555,Salsomaggiore Terme,IT,44.8148,9.9796,63.91,89,5,3.0,clear sky
556,Clyde River,CA,70.4692,-68.5914,41.23,87,90,17.27,overcast clouds
557,Bhadasar,IN,28.2833,74.3167,87.51,65,92,14.88,overcast clouds
558,Villa Alemana,CL,-33.0422,-71.3733,67.05,81,0,3.44,clear sky
559,Ormara,PK,25.2088,64.6357,82.22,84,96,15.17,overcast clouds
560,Tingi,TZ,-11.3,35.0333,54.73,78,48,3.49,scattered clouds
561,Tessalit,ML,20.1986,1.0114,84.94,47,88,12.97,overcast clouds
562,Kaeo,NZ,-35.1,173.7833,64.33,56,16,9.91,few clouds
563,Port Hedland,AU,-20.3167,118.5667,75.25,23,0,19.57,clear sky
564,Palmer,US,42.1584,-72.3287,66.13,84,90,0.0,overcast clouds
565,Kaseda,JP,31.4167,130.3167,90.63,66,97,12.41,overcast clouds
566,Toyooka,JP,35.5333,134.8333,93.31,55,75,6.91,broken clouds
567,Myitkyina,MM,25.3833,97.4,84.24,70,55,3.33,broken clouds
568,Milkovo,RU,54.7167,158.6167,65.39,55,79,4.38,broken clouds
569,Kalianget,ID,-7.05,113.9333,85.03,59,61,6.8,broken clouds
570,Taltal,CL,-25.4,-70.4833,56.84,77,39,2.26,scattered clouds
571,Reconquista,AR,-29.15,-59.65,48.83,72,0,5.55,clear sky
572,Xining,CN,36.6167,101.7667,78.94,37,58,9.04,broken clouds
573,Darhan,MN,49.4867,105.9228,70.93,71,100,9.73,overcast clouds
574,Takoradi,GH,4.8845,-1.7554,74.34,92,6,5.14,clear sky
575,Zdvinsk,RU,54.7021,78.661,75.04,52,81,6.04,broken clouds
576,Saldanha,ZA,-33.0117,17.9442,46.45,87,27,7.14,scattered clouds
577,Bouza,NE,14.4229,6.0428,80.67,67,78,15.99,broken clouds
578,Bridlington,GB,54.0831,-0.1919,55.58,73,45,9.04,scattered clouds
579,Knyaginino,RU,55.8228,45.0349,70.21,63,84,7.47,broken clouds
580,Ayan,RU,56.45,138.1667,56.64,83,99,25.64,overcast clouds
581,Nalut,LY,30.3333,10.85,83.88,16,6,8.7,clear sky
582,Altamira,BR,-3.2033,-52.2064,70.86,84,18,2.64,few clouds
583,Moyale,KE,3.5167,39.0584,63.36,73,100,12.75,overcast clouds
584,Smidovich,RU,48.6,133.8167,79.21,58,71,7.92,broken clouds
585,Puerto Narino,CO,-3.7703,-70.3831,73.35,70,93,0.49,overcast clouds
586,Kudahuvadhoo,MV,2.6708,72.8944,81.99,73,71,7.49,broken clouds
587,Sabang,ID,5.8933,95.3214,83.53,71,98,20.94,overcast clouds
588,Zhaotong,CN,27.3167,103.7167,75.33,42,0,3.2,clear sky
589,Bondoukou,CI,8.0333,-2.8,68.05,99,33,3.8,scattered clouds
590,Camacupa,AO,-12.0167,17.4833,51.26,42,20,3.69,few clouds
591,Buraydah,SA,26.326,43.975,81.05,8,6,10.6,clear sky
592,Bardiyah,LY,31.7561,25.0865,77.85,84,0,11.86,clear sky
593,Santana Do Livramento,BR,-30.8908,-55.5328,43.25,92,0,5.01,clear sky
594,Coihaique,CL,-45.5752,-72.0662,48.15,81,40,4.61,light rain
595,Ushtobe,KZ,45.2514,77.9838,91.6,13,0,16.69,clear sky
596,Port Moresby,PG,-9.4431,147.1797,85.42,54,20,17.27,haze
597,Kutum,SD,14.2,24.6667,69.35,81,89,18.7,overcast clouds
598,Phuket,TH,8.0,98.25,86.22,74,40,16.11,scattered clouds
599,Mount Pleasant,US,32.7941,-79.8626,84.2,80,20,1.99,few clouds
600,Swan River,CA,52.1058,-101.2676,64.29,72,47,2.3,scattered clouds
601,Lorengau,PG,-2.0226,147.2712,85.55,70,52,9.98,broken clouds
602,Olinda,BR,-8.0089,-34.8553,73.13,83,40,9.22,scattered clouds
603,Zhigansk,RU,66.7697,123.3711,79.41,40,2,13.73,clear sky
604,Viransehir,TR,37.2353,39.7631,89.42,26,92,13.02,overcast clouds
605,Port Augusta,AU,-32.5,137.7667,62.74,45,83,27.47,broken clouds
606,Sohag,EG,26.557,31.6948,84.49,18,11,5.82,few clouds
607,Los Llanos De Aridane,ES,28.6585,-17.9182,67.75,80,75,14.97,broken clouds
608,Finschhafen,PG,-6.6024,147.8681,81.1,77,61,9.42,broken clouds
609,Mildura,AU,-34.2,142.15,62.56,48,0,21.85,clear sky
610,Sao Jose Da Coroa Grande,BR,-8.8978,-35.1478,72.21,82,18,12.8,few clouds
611,Shache,CN,38.4167,77.2406,70.75,49,100,11.45,overcast clouds
612,Grafton,US,42.207,-71.6856,66.78,88,90,9.22,overcast clouds
613,Merzifon,TR,40.8733,35.4631,58.46,82,20,4.61,few clouds
614,Natal,BR,-5.795,-35.2094,75.85,78,0,10.36,clear sky
615,Padilla,CO,3.2204,-76.3139,71.17,73,100,4.23,overcast clouds
616,Constantine,DZ,36.365,6.6147,69.21,88,0,4.61,clear sky
617,Black River,JM,18.0264,-77.8487,80.6,81,98,4.14,overcast clouds
618,Havelock,US,34.8791,-76.9013,78.94,94,28,3.0,scattered clouds
619,Galich,RU,58.3797,42.3475,63.93,94,100,4.25,overcast clouds
620,Luwuk,ID,-0.9516,122.7875,85.26,69,14,5.12,few clouds
621,Zhangye,CN,38.9342,100.4517,67.26,56,100,15.03,light rain
622,Saint-Augustin,CA,51.226,-58.6502,55.2,84,96,9.6,overcast clouds
623,Maniitsoq,GL,65.4167,-52.9,48.33,76,100,2.59,overcast clouds
624,Allanridge,ZA,-27.7543,26.6438,43.2,35,3,4.79,clear sky
625,Penzance,GB,50.1186,-5.5371,58.21,79,48,8.32,scattered clouds
626,Kralendijk,BQ,12.15,-68.2667,82.38,83,3,16.11,clear sky
627,Necochea,AR,-38.5473,-58.7368,37.04,67,0,9.46,clear sky
628,Farias Brito,BR,-6.9306,-39.5656,72.28,72,10,10.07,clear sky
629,Seoul,KR,37.5683,126.9778,83.59,76,90,8.05,light rain
630,Karasjok,NO,69.4719,25.5112,42.91,91,100,6.71,overcast clouds
631,La Libertad,EC,-2.2333,-80.9,69.71,83,95,11.48,overcast clouds
632,Ulaanbaatar,MN,47.9077,106.8832,57.33,88,40,15.66,scattered clouds
633,Ifakara,TZ,-8.1333,36.6833,64.8,91,46,2.01,light rain
634,Leningradskiy,RU,69.3833,178.4167,33.44,99,100,17.07,snow
635,Lisakovsk,KZ,52.5369,62.4936,78.85,46,22,4.81,few clouds
636,Haines Junction,CA,60.7522,-137.5108,78.75,31,65,5.75,broken clouds
637,Sarankhola,BD,22.3082,89.7897,80.28,91,100,3.94,overcast clouds
638,Kokkola,FI,63.8385,23.1307,60.93,84,0,5.75,clear sky
639,Peniche,PT,39.3558,-9.3811,69.76,95,77,5.12,broken clouds
640,Brigantine,US,39.4101,-74.3646,69.03,91,35,6.51,scattered clouds
641,Luganville,VU,-15.5333,167.1667,74.34,64,49,10.56,scattered clouds
642,Melipilla,CL,-33.7,-71.2167,68.41,41,0,2.64,clear sky
643,Vostok,RU,46.4856,135.8833,85.28,43,58,4.45,broken clouds
644,Manati,PR,18.4275,-66.4921,80.58,90,31,6.93,scattered clouds
645,Kahului,US,20.8947,-156.47,83.46,68,20,28.77,few clouds
646,Dawlatabad,AF,36.4141,64.9053,89.42,12,0,9.15,clear sky
647,Kimberley,ZA,-28.7323,24.7623,35.29,60,0,3.44,clear sky
648,Lagos,NG,6.5833,3.75,77.32,90,100,1.97,overcast clouds
649,Wloclawek,PL,52.6482,19.0678,58.33,92,100,9.6,overcast clouds
650,Whitehorse,CA,60.7161,-135.0538,86.02,21,20,3.44,few clouds
651,Kampene,CD,-3.6,26.6667,72.81,51,97,1.66,overcast clouds
652,Namatanai,PG,-3.6667,152.4333,82.31,78,36,8.55,light rain
653,Port Hardy,CA,50.6996,-127.4199,60.98,82,75,10.36,broken clouds
654,Bubaque,GW,11.2833,-15.8333,78.87,84,90,19.98,moderate rain
655,Borovskoy,KZ,53.8,64.15,75.38,52,71,5.55,broken clouds
656,Ostroleka,PL,53.0862,21.5757,59.94,94,100,8.93,light rain
657,La Romana,DO,18.4273,-68.9728,82.13,89,62,10.76,broken clouds
658,Kavaratti,IN,10.5669,72.642,82.4,74,54,15.52,broken clouds
659,Namuac,PH,18.6109,121.1657,89.06,65,100,12.68,moderate rain
660,Guatire,VE,10.4762,-66.5427,77.5,94,41,4.43,scattered clouds
661,Valparaiso,CL,-33.0393,-71.6273,50.47,80,0,3.44,clear sky
662,Sechura,PE,-5.5569,-80.8222,65.8,77,0,9.82,clear sky
663,North Platte,US,41.1239,-100.7654,71.02,66,1,3.0,clear sky
664,Fernandez,AR,-27.9204,-63.8935,46.22,52,0,8.25,clear sky
665,Awjilah,LY,29.1081,21.2869,81.45,40,1,5.86,clear sky
666,Kinablangan,PH,7.6947,126.5503,86.83,70,97,8.01,overcast clouds
667,Boa Vista,BR,2.8197,-60.6733,75.18,88,90,6.91,overcast clouds
668,Aksarka,RU,66.5606,67.7975,61.99,78,86,6.98,overcast clouds
669,Leshukonskoye,RU,64.8989,45.7622,59.32,87,98,1.92,light rain
670,Abu Dhabi,AE,24.4667,54.3667,91.42,43,0,1.14,clear sky
671,Kindu,CD,-2.95,25.95,69.76,65,72,2.48,broken clouds
672,Raga,SS,8.4596,25.678,67.87,95,100,3.98,overcast clouds
673,Soe,ID,-9.8607,124.284,83.39,40,33,10.13,scattered clouds
674,Stokmarknes,NO,68.5646,14.9108,50.49,84,100,9.73,light rain
675,Senges,BR,-24.1128,-49.4636,50.13,94,91,4.27,overcast clouds
676,Kasongo-Lunda,CD,-6.4667,16.8167,63.14,53,44,2.46,scattered clouds
677,Dunedin,NZ,-45.8742,170.5036,50.81,76,100,8.99,overcast clouds
678,Puerto Parra,CO,6.6515,-74.0573,71.47,93,100,1.97,overcast clouds
679,Mandalgovi,MN,45.7625,106.2708,73.29,30,82,18.68,broken clouds
680,Santa Marta,CO,11.2408,-74.199,86.05,72,40,5.01,scattered clouds
681,Ito,JP,34.9667,139.0833,86.77,72,86,1.01,overcast clouds
682,Takaungu,KE,-3.6837,39.8566,75.29,87,16,12.28,few clouds
683,Tekirdag,TR,40.978,27.5085,70.95,53,0,2.57,clear sky
684,Acaponeta,MX,22.4964,-105.3594,77.45,90,95,3.38,overcast clouds
685,Samana,DO,19.2056,-69.3369,78.71,86,100,8.39,overcast clouds
686,Nioro,GM,13.35,-15.75,74.75,95,85,6.44,overcast clouds
687,La Cruz,MX,23.9167,-106.9,80.49,75,100,7.92,overcast clouds
688,Lethem,GY,3.3803,-59.7968,73.02,97,100,3.22,overcast clouds
689,Ban Chang,TH,12.7254,101.0553,86.49,74,20,11.5,few clouds
